{"loss": [7.099577903747559, 6.790365695953369, 6.623728275299072, 6.608246803283691, 6.5831475257873535, 6.5966620445251465, 6.580353736877441, 6.537738800048828, 6.552567958831787, 6.485079765319824], "accuracy": [0.3909524083137512, 0.4958816468715668, 0.5250871181488037, 0.5403655767440796, 0.5506935119628906, 0.5553880333900452, 0.5596699714660645, 0.5671669244766235, 0.5686748623847961, 0.574322521686554], "val_loss": [0.7274602055549622, 0.5735087394714355, 0.42152124643325806, 0.35774242877960205, 0.3203714191913605, 0.2962054908275604, 0.28074556589126587, 0.24075832962989807, 0.24373938143253326, 0.282277375459671], "val_accuracy": [0.7733325958251953, 0.8203392028808594, 0.8663783073425293, 0.8873207569122314, 0.8955724835395813, 0.903312087059021, 0.904962420463562, 0.9219212532043457, 0.9220919609069824, 0.910653293132782]}